{
  "urls": [
    "/audio/output.ogg",
    "/audio/output.m4a",
    "/audio/output.mp3"
  ],
  "sprite": {
    "alien-gun": [
      0,
      1131.859410430839
    ],
    "machine-gun": [
      3000,
      1131.859410430839
    ],
    "minigun": [
      6000,
      971.3832199546486
    ],
    "shotgun": [
      8000,
      984.4897959183676
    ],
    "sniper": [
      10000,
      1100.3628117913831
    ],
    "ambient": [
      13000,
      169374.37641723355
    ],
    "drums": [
      184000,
      8275.873015873003
    ],
    "missile": [
      194000,
      232.19954648524777
    ],
    "force-field": [
      196000,
      550.0453514739263
    ],
    "kill-player": [
      198000,
      1002.585034013606
    ],
    "anti-follow": [
      201000,
      439.7278911564513
    ],
    "bomb": [
      203000,
      393.2879818594017
    ],
    "explosion-large": [
      205000,
      1925.8049886621222
    ],
    "explosion-small": [
      208000,
      6035.736961451249
    ],
    "death": [
      216000,
      3574.4217687074806
    ],
    "thrust-sprint": [
      221000,
      22196.825396825403
    ],
    "thrust": [
      245000,
      3783.401360544218
    ],
    "impact": [
      250000,
      419.1609977324333
    ]
  }
}